{
  "soups": [
    {
      "soupName": "contacts",
      "indexes": [
        { "path": "Id", "type": "string"},
        { "path": "FirstName", "type": "string"},
        { "path": "LastName", "type": "string"},
        { "path": "__local__", "type": "string"},
        { "path": "__locally_created__", "type": "string"},
        { "path": "__locally_updated__", "type": "string"},
        { "path": "__locally_deleted__", "type": "string"},
        { "path": "__sync_id__", "type": "integer"}
      ]
    }
  ]
}